disease,workout
Arthritis,Consume anti-inflammatory foods
Arthritis,Include omega-3 fatty acids
Arthritis,Consume antioxidant-rich foods
Arthritis,Stay hydrated
Arthritis,Limit processed foods
Arthritis,Include vitamin K-rich foods
Arthritis,Consult a healthcare professional
Arthritis,Follow medical recommendations
Arthritis,Engage in low-impact exercise
Arthritis,Maintain a healthy weight
Common Cold,Stay hydrated
Common Cold,Include nutrient-rich foods
Common Cold,Consume foods rich in vitamin C and antioxidants
Common Cold,Include zinc-rich foods
Common Cold,Limit sugary foods and beverages
Common Cold,Consume chicken soup
Common Cold,Consult a healthcare professional
Common Cold,Rest and conserve energy
Common Cold,Gradually resume normal diet
Common Cold,Follow medical recommendations
Dengue,Stay hydrated
Dengue,Include nutrient-rich foods
Dengue,Consume foods rich in vitamin C and antioxidants
Dengue,Limit fatty and greasy foods
Dengue,Avoid caffeine and alcohol
Dengue,Include soft and easily digestible foods
Dengue,Consult a healthcare professional
Dengue,Rest and conserve energy
Dengue,Gradually resume normal diet
Dengue,Follow medical recommendations
Heart Attack,Follow a heart-healthy diet
Heart Attack,Limit sodium intake
Heart Attack,Include fiber-rich foods
Heart Attack,Consume healthy fats
Heart Attack,Include lean proteins
Heart Attack,Limit sugary foods and beverages
Heart Attack,Stay hydrated
Heart Attack,Consult a healthcare professional
Heart Attack,Follow medical recommendations
Heart Attack,Engage in regular exercise
Malaria,Stay hydrated
Malaria,Consume nutrient-rich foods
Malaria,Include protein-rich foods
Malaria,Consume foods rich in antioxidants
Malaria,Limit fatty and greasy foods
Malaria,Avoid alcohol and caffeine
Malaria,Include vitamin C-rich foods
Malaria,Consult a healthcare professional
Malaria,Rest and conserve energy
Malaria,Gradually resume normal diet
Migraine,Identify and avoid trigger foods
Migraine,Stay hydrated
Migraine,Include magnesium-rich foods
Migraine,Consume omega-3 fatty acids
Migraine,Limit caffeine and alcohol
Migraine,Consume riboflavin-rich foods
Migraine,Limit processed foods
Migraine,Maintain regular meal times
Migraine,Consult a healthcare professional
Migraine,Manage stress
Eczema,Consume anti-inflammatory foods
Eczema,Include omega-3 fatty acids
Eczema,Stay hydrated
Eczema,Consume foods rich in vitamin E
Eczema,Limit processed foods
Eczema,Include zinc-rich foods
Eczema,Consult a healthcare professional
Eczema,Avoid trigger foods
Eczema,Maintain skin hydration
Eczema,Follow medical recommendations
Heat Stroke,Stay hydrated
Heat Stroke,Consume electrolyte-rich fluids
Heat Stroke,Avoid strenuous activity in heat
Heat Stroke,Include nutrient-rich foods
Heat Stroke,Limit caffeine and alcohol
Heat Stroke,Rest in cool environments
Heat Stroke,Consult a healthcare professional
Heat Stroke,Follow medical recommendations
Heat Stroke,Gradually resume normal activity
Heat Stroke,Monitor body temperature
Influenza,Stay hydrated
Influenza,Consume foods rich in vitamin C
Influenza,Include zinc-rich foods
Influenza,Limit sugary foods and beverages
Influenza,Consume nutrient-rich foods
Influenza,Rest and conserve energy
Influenza,Consult a healthcare professional
Influenza,Follow medical recommendations
Influenza,Gradually resume normal diet
Influenza,Consume chicken soup
Sinusitis,Stay hydrated
Sinusitis,Consume anti-inflammatory foods
Sinusitis,Use steam inhalation
Sinusitis,Include foods rich in vitamin C
Sinusitis,Limit dairy products
Sinusitis,Consume warm fluids
Sinusitis,Consult a healthcare professional
Sinusitis,Follow medical recommendations
Sinusitis,Avoid trigger foods
Sinusitis,Maintain nasal hygiene
Stroke,Follow a heart-healthy diet
Stroke,Limit sodium intake
Stroke,Include fiber-rich foods
Stroke,Consume healthy fats
Stroke,Engage in moderate exercise
Stroke,Stay hydrated
Stroke,Consult a healthcare professional
Stroke,Follow medical recommendations
Stroke,Include antioxidant-rich foods
Stroke,Manage stress
